Churn,HappInd,SupportCases,AvgSupPriority,Logins,Views
1,40,9,0,72,1
1,26,5,3,98,36
1,24,4,3,29,378
1,31,4,0,94,-1
1,73,4,3,68,0
1,20,3,3,65,-521
1,27,3,3,1,144
1,40,3,3,496,6
1,-39,2,0,-22,0
1,-7,2,2,54,82
1,-1,2,3,-45,17
1,1,2,3,24,-214
1,10,2,3,9,-2554
1,11,2,3,65,16
1,23,2,3,62,0
1,53,2,3,13,0
1,-22,1,3,1,0
1,-17,1,0,29,120
1,-11,1,3,6,15
1,-9,1,3,-1,13
1,-6,1,0,-1,-333
1,-5,1,3,5,344
1,-5,1,0,-1,1
1,-4,1,3,30,-7192
1,-2,1,2,82,-248
1,0,1,3,-7,-87
1,0,1,3,23,0
1,0,1,3,57,5664
1,1,1,3,10,0
1,2,1,3,6,0
1,9,1,3,2,-64
1,10,1,2,5,16
1,15,1,3,26,-298
1,16,1,3,11,143
1,18,1,3,14,-29
1,22,1,3,14,-3045
1,33,1,3,2,0
1,57,1,3,56,0
1,-105,0,0,-50,44
1,-86,0,0,-18,0
1,-73,0,0,-4,0
1,-72,0,0,-6,533
1,-71,0,0,1,1209
1,-66,0,0,11,23
1,-64,0,0,-7,-19
1,-62,0,0,10,-2
1,-56,0,0,-6,-58
1,-53,0,0,-8,86
1,-52,0,0,-1,20
1,-49,0,0,-10,-44
1,-46,0,0,-22,61
1,-45,0,0,-15,-961
1,-44,0,0,-1,-1
1,-43,0,0,-22,0
1,-42,0,0,3,4
1,-41,0,0,-2,-675
1,-39,0,0,-12,39
1,-39,0,0,-2,9
1,-39,0,0,0,-42
1,-36,0,0,-14,-3
1,-36,0,0,-5,-142
1,-36,0,0,-4,-148
1,-36,0,0,-4,7
1,-35,0,0,-16,1
1,-34,0,0,-9,0
1,-33,0,0,48,10
1,-31,0,0,-10,243
1,-31,0,0,-1,-264
1,-31,0,0,-1,-38
1,-30,0,0,12,-391
1,-29,0,0,-1,0
1,-28,0,0,-2,2
1,-27,0,0,-2,157
1,-27,0,0,0,-4
1,-27,0,0,12,-1
1,-27,0,0,33,712
1,-26,0,0,-20,-116
1,-26,0,0,-7,0
1,-26,0,0,-2,5
1,-26,0,0,0,-180
1,-25,0,0,-6,13
1,-25,0,0,-4,0
1,-25,0,0,-3,847
1,-25,0,0,-1,0
1,-25,0,0,0,-67
1,-25,0,0,0,18
1,-25,0,0,4,-620
1,-24,0,0,-4,7
1,-23,0,0,-2,-3
1,-22,0,0,0,0
1,-20,0,0,-10,8
1,-20,0,0,4,107
1,-18,0,0,2,-31
1,-18,0,0,57,170
1,-17,0,0,42,0
1,-16,0,0,-4,12
1,-16,0,0,7,33
1,-16,0,0,9,297
1,-15,0,0,6,-16
1,-14,0,0,-7,12
1,-14,0,0,-6,-66
1,-14,0,0,5,512
1,-13,0,0,-76,63
1,-13,0,0,0,16
1,-12,0,1,-15,-276
1,-12,0,0,-8,1
1,-12,0,0,-5,1950
1,-12,0,0,-2,-1
1,-12,0,0,-1,0
1,-12,0,0,2,28
1,-12,0,0,11,31
1,-11,0,0,98,110
1,-11,0,-1,-2,0
1,-10,0,0,-28,102
-1,-10,0,0,-10,8
-1,-10,0,0,-10,71
-1,-10,0,0,-8,0
-1,-10,0,0,-8,23
-1,-10,0,0,-7,-35
-1,-10,0,0,-6,-22
-1,-10,0,0,-6,71
-1,-10,0,0,-4,0
-1,-10,0,0,-4,2
-1,-10,0,0,-3,-5
-1,-10,0,0,-2,-6
-1,-10,0,0,-2,350
-1,-10,0,0,-1,0
-1,-10,0,0,-1,0
-1,-10,0,0,-1,0
-1,-10,0,0,-1,1
-1,-10,0,0,-1,5
-1,-10,0,0,0,-11
-1,-10,0,0,0,-9
-1,-10,0,0,0,1
-1,-10,0,0,0,2
-1,-10,0,0,1,0
-1,-10,0,0,1,39
-1,-10,0,0,1,131
-1,-10,0,0,2,8
-1,-10,0,0,4,-13
-1,-10,0,0,4,8
-1,-10,0,0,6,2
-1,-10,0,0,8,1426
-1,-10,0,0,9,-11
1,-10,0,0,12,-1
-1,-10,0,0,13,-43
-1,-10,0,0,15,12
-1,-10,0,0,16,0
-1,-10,0,0,18,53
-1,-10,0,0,26,187
-1,-10,0,0,40,-35
-1,-10,0,0,43,-33
-1,-9,0,0,-9,40
-1,-9,0,0,-4,-21
-1,-9,0,0,-3,0
-1,-9,0,0,-2,0
-1,-9,0,0,-1,0
1,-9,0,0,0,-11
-1,-9,0,0,3,1229
-1,-9,0,0,6,66
-1,-9,0,0,7,6
-1,-9,0,0,13,90
-1,-9,0,0,21,-31
-1,-9,0,0,23,138
-1,-9,0,0,29,650
-1,-9,0,0,31,758
-1,-8,0,1,3,201
1,-8,0,0,-22,-25
-1,-8,0,0,-5,0
-1,-8,0,0,-4,24
-1,-8,0,0,-1,704
-1,-8,0,0,0,-46
-1,-8,0,0,0,-1
-1,-8,0,0,0,0
1,-8,0,0,0,6
-1,-8,0,0,1,20
-1,-8,0,0,3,15
-1,-8,0,0,3,1077
-1,-8,0,0,7,1445
-1,-8,0,0,12,1580
-1,-8,0,0,60,145
-1,-7,0,0,-10,0
-1,-7,0,0,-10,54
-1,-7,0,0,-2,0
-1,-7,0,0,-2,7
1,-7,0,0,-2,8
1,-7,0,0,0,0
1,-7,0,0,0,0
-1,-7,0,0,12,-4
-1,-7,0,0,20,46
-1,-7,0,0,42,127
-1,-7,0,0,47,349
-1,-7,0,0,76,143
-1,-7,0,0,212,14
-1,-6,0,0,-10,0
-1,-6,0,0,-8,-23
-1,-6,0,0,-8,43
-1,-6,0,0,-7,28
1,-6,0,0,-6,-2
-1,-6,0,0,-6,-1
-1,-6,0,0,-6,0
-1,-6,0,0,-4,0
-1,-6,0,0,-3,26
-1,-6,0,0,-1,127
-1,-6,0,0,0,20
-1,-6,0,0,4,0
-1,-6,0,0,5,1
-1,-6,0,0,6,-1
-1,-6,0,0,8,2
-1,-6,0,0,8,67
-1,-6,0,0,9,9
-1,-6,0,0,10,45
-1,-6,0,0,13,321
-1,-6,0,0,24,-18
-1,-6,0,0,25,1846
-1,-6,0,0,29,0
-1,-6,0,0,34,1510
-1,-6,0,0,69,99
-1,-5,0,0,-7,48
-1,-5,0,0,-5,0
-1,-5,0,0,-5,5483
-1,-5,0,0,-4,39
1,-5,0,0,-2,117
-1,-5,0,0,0,-41
-1,-5,0,0,0,-2
-1,-5,0,0,1,0
-1,-5,0,0,1,0
-1,-5,0,0,1,669
-1,-5,0,0,1,1860
-1,-5,0,0,2,-1
-1,-5,0,0,2,8
-1,-5,0,0,4,-20
-1,-5,0,0,4,-10
-1,-5,0,0,5,50
-1,-5,0,0,5,64
-1,-5,0,0,7,0
-1,-5,0,0,8,2589
-1,-5,0,0,13,1052
-1,-5,0,0,16,-6
-1,-5,0,0,21,-39
-1,-5,0,0,23,-3
-1,-5,0,0,25,-40
-1,-5,0,0,25,7
-1,-5,0,0,29,-38
-1,-5,0,0,92,-40
-1,-4,0,1,13,13
1,-4,0,1,22,912
-1,-4,0,0,-8,-12
-1,-4,0,0,-8,0
-1,-4,0,0,-7,-10
-1,-4,0,0,-4,0
-1,-4,0,0,-4,0
-1,-4,0,0,-4,4
-1,-4,0,0,-4,22
-1,-4,0,0,-3,1328
-1,-4,0,0,-2,-18
-1,-4,0,0,-1,-3
-1,-4,0,0,-1,13
-1,-4,0,0,-1,1060
-1,-4,0,0,0,-14
1,-4,0,0,0,-2
-1,-4,0,0,0,0
-1,-4,0,0,4,23
-1,-4,0,0,4,951
-1,-4,0,0,5,1
-1,-4,0,0,5,209
-1,-4,0,0,6,0
-1,-4,0,0,6,3597
-1,-4,0,0,12,0
-1,-4,0,0,13,-3
-1,-4,0,0,13,1
1,-4,0,0,14,21
-1,-4,0,0,16,15
-1,-4,0,0,21,28
-1,-4,0,0,21,166
-1,-4,0,0,22,32
-1,-4,0,0,24,0
-1,-4,0,0,32,-10
-1,-4,0,0,34,149
-1,-4,0,0,48,-13
-1,-4,0,0,100,62
-1,-3,0,0,-9,-23
-1,-3,0,0,-7,0
-1,-3,0,0,-5,-14
-1,-3,0,0,-4,52
-1,-3,0,0,-3,-4
-1,-3,0,0,-3,0
-1,-3,0,0,-3,31
-1,-3,0,0,-2,-11
-1,-3,0,0,-2,0
-1,-3,0,0,-2,0
-1,-3,0,0,-2,234
-1,-3,0,0,-1,12
-1,-3,0,0,0,0
-1,-3,0,0,0,0
1,-3,0,0,0,0
-1,-3,0,0,0,1
-1,-3,0,0,0,21
-1,-3,0,0,2,-13
-1,-3,0,0,2,463
-1,-3,0,0,3,-5
-1,-3,0,0,5,-15
-1,-3,0,0,5,11
-1,-3,0,0,6,-32
-1,-3,0,0,6,100
-1,-3,0,0,7,-21
-1,-3,0,0,7,-14
-1,-3,0,0,8,-24
-1,-3,0,0,11,28
-1,-3,0,0,17,-18
-1,-3,0,0,20,0
-1,-3,0,0,21,0
-1,-3,0,0,51,55
-1,-3,0,0,52,-13
-1,-3,0,0,57,64
-1,-3,0,0,92,982
-1,-2,0,1,66,453
-1,-2,0,0,-9,28
-1,-2,0,0,-9,60
1,-2,0,0,-7,1
-1,-2,0,0,-5,265
-1,-2,0,0,-4,-16
-1,-2,0,0,-4,8
-1,-2,0,0,-3,0
-1,-2,0,0,-3,716
1,-2,0,0,-2,-62
-1,-2,0,0,-2,5
-1,-2,0,0,-1,23
-1,-2,0,0,0,-36
-1,-2,0,0,0,-25
-1,-2,0,0,0,-22
-1,-2,0,0,0,0
-1,-2,0,0,0,0
-1,-2,0,0,0,8
-1,-2,0,0,0,21
-1,-2,0,0,0,106
1,-2,0,0,0,155
-1,-2,0,0,1,-1
-1,-2,0,0,1,7
-1,-2,0,0,1,13
-1,-2,0,0,2,489
-1,-2,0,0,3,-5
-1,-2,0,0,3,1
-1,-2,0,0,3,62
-1,-2,0,0,3,115
-1,-2,0,0,3,785
-1,-2,0,0,4,-1
-1,-2,0,0,4,0
-1,-2,0,0,4,5
-1,-2,0,0,4,18
-1,-2,0,0,5,-49
-1,-2,0,0,5,214
-1,-2,0,0,8,0
-1,-2,0,0,10,125
-1,-2,0,0,11,-18
-1,-2,0,0,11,18
-1,-2,0,0,13,0
-1,-2,0,0,13,0
-1,-2,0,0,18,156
-1,-2,0,0,20,0
-1,-2,0,0,20,50
-1,-2,0,0,20,1544
-1,-2,0,0,22,366
-1,-2,0,0,23,-38
-1,-2,0,0,23,0
-1,-2,0,0,25,-26
-1,-2,0,0,28,-18
-1,-2,0,0,32,0
1,-2,0,0,35,35
-1,-2,0,0,55,136
-1,-2,0,0,77,67
-1,-2,0,0,104,0
-1,-2,0,0,166,315
-1,-1,0,1,8,493
-1,-1,0,0,-10,64
-1,-1,0,0,-8,71
-1,-1,0,0,-6,22
-1,-1,0,0,-6,311
-1,-1,0,0,-5,-25
-1,-1,0,0,-5,138
1,-1,0,0,-4,-71
-1,-1,0,0,-4,-16
-1,-1,0,0,-4,-10
-1,-1,0,0,-4,-7
-1,-1,0,0,-4,449
-1,-1,0,0,-3,-17
-1,-1,0,0,-3,0
1,-1,0,0,-2,-15
-1,-1,0,0,-2,15
-1,-1,0,0,-2,39
-1,-1,0,0,-1,-5
-1,-1,0,0,-1,5
-1,-1,0,0,-1,56
-1,-1,0,0,-1,1647
-1,-1,0,0,0,-34
-1,-1,0,0,0,-33
-1,-1,0,0,0,-14
-1,-1,0,0,0,-13
-1,-1,0,0,0,-11
-1,-1,0,0,0,-11
-1,-1,0,0,0,-11
-1,-1,0,0,0,-4
-1,-1,0,0,0,-2
-1,-1,0,0,0,0
-1,-1,0,0,0,0
-1,-1,0,0,0,0
-1,-1,0,0,0,0
-1,-1,0,0,0,9
-1,-1,0,0,0,11
1,-1,0,0,0,44
-1,-1,0,0,0,72
-1,-1,0,0,0,275
1,-1,0,0,1,-3
-1,-1,0,0,1,0
-1,-1,0,0,1,0
-1,-1,0,0,1,0
-1,-1,0,0,1,0
-1,-1,0,0,1,49
-1,-1,0,0,1,75
-1,-1,0,0,1,105
-1,-1,0,0,2,-45
-1,-1,0,0,2,-36
-1,-1,0,0,2,-2
-1,-1,0,0,2,12
-1,-1,0,0,2,33
-1,-1,0,0,2,49
-1,-1,0,0,2,454
-1,-1,0,0,3,-19
-1,-1,0,0,3,0
-1,-1,0,0,3,42
-1,-1,0,0,3,118
-1,-1,0,0,4,-29
-1,-1,0,0,4,-2
-1,-1,0,0,4,15
-1,-1,0,0,5,-32
-1,-1,0,0,5,24
-1,-1,0,0,5,57
-1,-1,0,0,5,558
1,-1,0,0,6,-1056
-1,-1,0,0,6,-38
-1,-1,0,0,6,33
-1,-1,0,0,7,-5
-1,-1,0,0,7,55
-1,-1,0,0,7,97
-1,-1,0,0,8,1
-1,-1,0,0,10,-5
-1,-1,0,0,10,0
-1,-1,0,0,10,2
-1,-1,0,0,10,1304
-1,-1,0,0,11,0
-1,-1,0,0,12,-28
-1,-1,0,0,13,0
-1,-1,0,0,14,0
-1,-1,0,0,15,-24
-1,-1,0,0,16,390
-1,-1,0,0,17,-3
-1,-1,0,0,17,32
-1,-1,0,0,18,-13
-1,-1,0,0,18,-1
-1,-1,0,0,18,0
-1,-1,0,0,19,96
-1,-1,0,0,21,104
-1,-1,0,0,23,-16
-1,-1,0,0,25,-21
-1,-1,0,0,25,-14
1,-1,0,0,26,-61
-1,-1,0,0,28,690
-1,-1,0,0,44,-20
-1,-1,0,0,44,1699
-1,-1,0,0,45,-9
-1,-1,0,0,46,3349
-1,-1,0,0,57,-19
-1,-1,0,0,67,22
-1,-1,0,0,75,494
-1,-1,0,0,79,294
-1,-1,0,0,122,56
1,-1,0,-1,18,5
1,0,0,0,-23,52
-1,0,0,0,-10,24
-1,0,0,0,-10,3852
-1,0,0,0,-9,-1
-1,0,0,0,-9,0
-1,0,0,0,-8,-24
-1,0,0,0,-8,0
-1,0,0,0,-7,-6
-1,0,0,0,-7,0
-1,0,0,0,-7,55
-1,0,0,0,-7,101
-1,0,0,0,-6,-19
-1,0,0,0,-6,0
-1,0,0,0,-6,0
-1,0,0,0,-6,3
-1,0,0,0,-5,-30
-1,0,0,0,-5,-2
-1,0,0,0,-5,0
-1,0,0,0,-5,57
-1,0,0,0,-4,-18
-1,0,0,0,-4,0
-1,0,0,0,-4,0
-1,0,0,0,-4,0
-1,0,0,0,-4,0
-1,0,0,0,-4,0
-1,0,0,0,-4,0
-1,0,0,0,-4,0
-1,0,0,0,-3,-24
-1,0,0,0,-3,573
-1,0,0,0,-2,-40
-1,0,0,0,-2,-20
-1,0,0,0,-2,-11
-1,0,0,0,-2,0
1,0,0,0,-2,0
-1,0,0,0,-2,2
-1,0,0,0,-2,2
-1,0,0,0,-2,4
-1,0,0,0,-2,137
-1,0,0,0,-1,-44
-1,0,0,0,-1,-36
1,0,0,0,-1,-9
-1,0,0,0,-1,-1
-1,0,0,0,-1,-1
-1,0,0,0,-1,0
-1,0,0,0,-1,0
-1,0,0,0,-1,0
-1,0,0,0,-1,0
-1,0,0,0,-1,0
-1,0,0,0,-1,0
-1,0,0,0,-1,0
-1,0,0,0,-1,0
-1,0,0,0,-1,6
-1,0,0,0,-1,11
1,0,0,0,0,-1846
1,0,0,0,0,-517
-1,0,0,0,0,-49
1,0,0,0,0,-39
-1,0,0,0,0,-38
-1,0,0,0,0,-38
-1,0,0,0,0,-33
-1,0,0,0,0,-26
-1,0,0,0,0,-22
-1,0,0,0,0,-16
-1,0,0,0,0,-15
-1,0,0,0,0,-14
-1,0,0,0,0,-12
1,0,0,0,0,-11
-1,0,0,0,0,-10
-1,0,0,0,0,-9
-1,0,0,0,0,-8
-1,0,0,0,0,-8
-1,0,0,0,0,-8
-1,0,0,0,0,-8
1,0,0,0,0,-8
1,0,0,0,0,-6
-1,0,0,0,0,-5
-1,0,0,0,0,-5
-1,0,0,0,0,-5
-1,0,0,0,0,-5
-1,0,0,0,0,-4
-1,0,0,0,0,-4
-1,0,0,0,0,-4
-1,0,0,0,0,-4
-1,0,0,0,0,-4
-1,0,0,0,0,-3
-1,0,0,0,0,-3
-1,0,0,0,0,-3
-1,0,0,0,0,-3
-1,0,0,0,0,-3
1,0,0,0,0,-3
-1,0,0,0,0,-2
-1,0,0,0,0,-2
-1,0,0,0,0,-2
-1,0,0,0,0,-2
1,0,0,0,0,-2
-1,0,0,0,0,-1
-1,0,0,0,0,-1
-1,0,0,0,0,-1
-1,0,0,0,0,-1
1,0,0,0,0,-1
1,0,0,0,0,-1
-1,0,0,0,0,0
-1,0,0,0,0,0
-1,0,0,0,0,0
-1,0,0,0,0,0
-1,0,0,0,0,0
-1,0,0,0,0,0
-1,0,0,0,0,0
-1,0,0,0,0,0
-1,0,0,0,0,0
-1,0,0,0,0,0
-1,0,0,0,0,0
-1,0,0,0,0,0
-1,0,0,0,0,0
-1,0,0,0,0,0
-1,0,0,0,0,0
-1,0,0,0,0,0
-1,0,0,0,0,0
-1,0,0,0,0,0
-1,0,0,0,0,0
-1,0,0,0,0,0
-1,0,0,0,0,0
-1,0,0,0,0,0
-1,0,0,0,0,0
-1,0,0,0,0,0
-1,0,0,0,0,0
-1,0,0,0,0,0
-1,0,0,0,0,0
-1,0,0,0,0,0
-1,0,0,0,0,0
-1,0,0,0,0,0
-1,0,0,0,0,0
-1,0,0,0,0,0
-1,0,0,0,0,0
-1,0,0,0,0,0
-1,0,0,0,0,0
-1,0,0,0,0,0
-1,0,0,0,0,0
-1,0,0,0,0,0
-1,0,0,0,0,0
-1,0,0,0,0,0
-1,0,0,0,0,0
-1,0,0,0,0,0
-1,0,0,0,0,0
-1,0,0,0,0,0
-1,0,0,0,0,0
-1,0,0,0,0,0
-1,0,0,0,0,0
-1,0,0,0,0,0
-1,0,0,0,0,0
-1,0,0,0,0,0
-1,0,0,0,0,0
-1,0,0,0,0,0
-1,0,0,0,0,0
-1,0,0,0,0,0
-1,0,0,0,0,0
-1,0,0,0,0,0
-1,0,0,0,0,0
-1,0,0,0,0,0
-1,0,0,0,0,0
-1,0,0,0,0,0
-1,0,0,0,0,0
-1,0,0,0,0,0
-1,0,0,0,0,0
-1,0,0,0,0,0
-1,0,0,0,0,0
-1,0,0,0,0,0
-1,0,0,0,0,0
-1,0,0,0,0,0
-1,0,0,0,0,0
-1,0,0,0,0,0
-1,0,0,0,0,0
-1,0,0,0,0,0
-1,0,0,0,0,0
-1,0,0,0,0,0
-1,0,0,0,0,0
-1,0,0,0,0,0
-1,0,0,0,0,0
-1,0,0,0,0,0
-1,0,0,0,0,0
-1,0,0,0,0,0
-1,0,0,0,0,0
-1,0,0,0,0,0
-1,0,0,0,0,0
-1,0,0,0,0,0
-1,0,0,0,0,0
-1,0,0,0,0,0
-1,0,0,0,0,0
-1,0,0,0,0,0
-1,0,0,0,0,0
-1,0,0,0,0,0
-1,0,0,0,0,0
-1,0,0,0,0,0
-1,0,0,0,0,0
-1,0,0,0,0,0
-1,0,0,0,0,0
-1,0,0,0,0,0
-1,0,0,0,0,0
-1,0,0,0,0,0
-1,0,0,0,0,0
-1,0,0,0,0,0
-1,0,0,0,0,0
-1,0,0,0,0,0
-1,0,0,0,0,0
-1,0,0,0,0,0
-1,0,0,0,0,0
-1,0,0,0,0,0
-1,0,0,0,0,0
-1,0,0,0,0,0
-1,0,0,0,0,0
-1,0,0,0,0,0
-1,0,0,0,0,0
-1,0,0,0,0,0
-1,0,0,0,0,0
-1,0,0,0,0,0
-1,0,0,0,0,0
-1,0,0,0,0,0
-1,0,0,0,0,0
-1,0,0,0,0,0
-1,0,0,0,0,0
-1,0,0,0,0,0
-1,0,0,0,0,0
-1,0,0,0,0,0
-1,0,0,0,0,0
-1,0,0,0,0,0
-1,0,0,0,0,0
-1,0,0,0,0,0
-1,0,0,0,0,0
-1,0,0,0,0,0
-1,0,0,0,0,0
-1,0,0,0,0,0
-1,0,0,0,0,0
-1,0,0,0,0,0
-1,0,0,0,0,0
-1,0,0,0,0,0
-1,0,0,0,0,0
-1,0,0,0,0,0
-1,0,0,0,0,0
-1,0,0,0,0,0
-1,0,0,0,0,0
-1,0,0,0,0,0
-1,0,0,0,0,0
-1,0,0,0,0,0
-1,0,0,0,0,0
-1,0,0,0,0,0
-1,0,0,0,0,0
-1,0,0,0,0,0
-1,0,0,0,0,0
-1,0,0,0,0,0
-1,0,0,0,0,0
-1,0,0,0,0,0
-1,0,0,0,0,0
-1,0,0,0,0,0
-1,0,0,0,0,0
-1,0,0,0,0,0
-1,0,0,0,0,0
-1,0,0,0,0,0
-1,0,0,0,0,0
-1,0,0,0,0,0
-1,0,0,0,0,0
-1,0,0,0,0,0
-1,0,0,0,0,0
-1,0,0,0,0,0
-1,0,0,0,0,0
-1,0,0,0,0,0
-1,0,0,0,0,0
-1,0,0,0,0,0
-1,0,0,0,0,0
-1,0,0,0,0,0
-1,0,0,0,0,0
-1,0,0,0,0,0
-1,0,0,0,0,0
-1,0,0,0,0,0
-1,0,0,0,0,0
-1,0,0,0,0,0
-1,0,0,0,0,0
-1,0,0,0,0,0
-1,0,0,0,0,0
-1,0,0,0,0,0
-1,0,0,0,0,0
-1,0,0,0,0,0
-1,0,0,0,0,0
-1,0,0,0,0,0
-1,0,0,0,0,0
-1,0,0,0,0,0
-1,0,0,0,0,0
-1,0,0,0,0,0
-1,0,0,0,0,0
-1,0,0,0,0,0
-1,0,0,0,0,0
-1,0,0,0,0,0
-1,0,0,0,0,0
-1,0,0,0,0,0
-1,0,0,0,0,0
-1,0,0,0,0,0
-1,0,0,0,0,0
-1,0,0,0,0,0
-1,0,0,0,0,0
-1,0,0,0,0,0
-1,0,0,0,0,0
-1,0,0,0,0,0
-1,0,0,0,0,0
-1,0,0,0,0,0
-1,0,0,0,0,0
-1,0,0,0,0,0
-1,0,0,0,0,0
-1,0,0,0,0,0
-1,0,0,0,0,0
-1,0,0,0,0,0
-1,0,0,0,0,0
-1,0,0,0,0,0
-1,0,0,0,0,0
-1,0,0,0,0,0
-1,0,0,0,0,0
-1,0,0,0,0,0
-1,0,0,0,0,0
-1,0,0,0,0,0
-1,0,0,0,0,0
-1,0,0,0,0,0
-1,0,0,0,0,0
-1,0,0,0,0,0
-1,0,0,0,0,0
-1,0,0,0,0,0
-1,0,0,0,0,0
-1,0,0,0,0,0
-1,0,0,0,0,0
-1,0,0,0,0,0
-1,0,0,0,0,0
-1,0,0,0,0,0
-1,0,0,0,0,0
-1,0,0,0,0,0
-1,0,0,0,0,0
-1,0,0,0,0,0
-1,0,0,0,0,0
-1,0,0,0,0,0
-1,0,0,0,0,0
-1,0,0,0,0,0
-1,0,0,0,0,0
-1,0,0,0,0,0
-1,0,0,0,0,0
-1,0,0,0,0,0
-1,0,0,0,0,0
-1,0,0,0,0,0
-1,0,0,0,0,0
-1,0,0,0,0,0
-1,0,0,0,0,0
-1,0,0,0,0,0
-1,0,0,0,0,0
-1,0,0,0,0,0
-1,0,0,0,0,0
-1,0,0,0,0,0
-1,0,0,0,0,0
-1,0,0,0,0,0
-1,0,0,0,0,0
-1,0,0,0,0,0
-1,0,0,0,0,0
-1,0,0,0,0,0
-1,0,0,0,0,0
-1,0,0,0,0,0
-1,0,0,0,0,0
-1,0,0,0,0,0
-1,0,0,0,0,0
-1,0,0,0,0,0
-1,0,0,0,0,0
-1,0,0,0,0,0
-1,0,0,0,0,0
-1,0,0,0,0,0
-1,0,0,0,0,0
-1,0,0,0,0,0
-1,0,0,0,0,0
-1,0,0,0,0,0
-1,0,0,0,0,0
-1,0,0,0,0,0
-1,0,0,0,0,0
-1,0,0,0,0,0
-1,0,0,0,0,0
-1,0,0,0,0,0
-1,0,0,0,0,0
-1,0,0,0,0,0
-1,0,0,0,0,0
-1,0,0,0,0,0
-1,0,0,0,0,0
-1,0,0,0,0,0
-1,0,0,0,0,0
-1,0,0,0,0,0
-1,0,0,0,0,0
-1,0,0,0,0,0
-1,0,0,0,0,0
-1,0,0,0,0,0
-1,0,0,0,0,0
-1,0,0,0,0,0
-1,0,0,0,0,0
-1,0,0,0,0,0
-1,0,0,0,0,0
-1,0,0,0,0,0
-1,0,0,0,0,0
-1,0,0,0,0,0
-1,0,0,0,0,0
-1,0,0,0,0,0
-1,0,0,0,0,0
-1,0,0,0,0,0
-1,0,0,0,0,0
-1,0,0,0,0,0
-1,0,0,0,0,0
-1,0,0,0,0,0
-1,0,0,0,0,0
-1,0,0,0,0,0
-1,0,0,0,0,0
-1,0,0,0,0,0
-1,0,0,0,0,0
-1,0,0,0,0,0
-1,0,0,0,0,0
-1,0,0,0,0,0
-1,0,0,0,0,0
-1,0,0,0,0,0
-1,0,0,0,0,0
-1,0,0,0,0,0
-1,0,0,0,0,0
-1,0,0,0,0,0
-1,0,0,0,0,0
-1,0,0,0,0,0
-1,0,0,0,0,0
-1,0,0,0,0,0
-1,0,0,0,0,0
-1,0,0,0,0,0
-1,0,0,0,0,0
-1,0,0,0,0,0
-1,0,0,0,0,0
-1,0,0,0,0,0
-1,0,0,0,0,0
-1,0,0,0,0,0
-1,0,0,0,0,0
-1,0,0,0,0,0
-1,0,0,0,0,0
-1,0,0,0,0,0
-1,0,0,0,0,0
-1,0,0,0,0,0
-1,0,0,0,0,0
-1,0,0,0,0,0
-1,0,0,0,0,0
1,0,0,0,0,0
1,0,0,0,0,0
1,0,0,0,0,0
1,0,0,0,0,0
1,0,0,0,0,0
1,0,0,0,0,0
1,0,0,0,0,0
1,0,0,0,0,0
1,0,0,0,0,0
1,0,0,0,0,0
1,0,0,0,0,0
1,0,0,0,0,0
1,0,0,0,0,0
1,0,0,0,0,0
1,0,0,0,0,0
1,0,0,0,0,0
1,0,0,0,0,0
1,0,0,0,0,0
1,0,0,0,0,0
1,0,0,0,0,0
1,0,0,0,0,0
-1,0,0,0,0,1
-1,0,0,0,0,1
-1,0,0,0,0,1
-1,0,0,0,0,1
-1,0,0,0,0,1
-1,0,0,0,0,1
-1,0,0,0,0,2
-1,0,0,0,0,2
-1,0,0,0,0,2
-1,0,0,0,0,2
1,0,0,0,0,2
1,0,0,0,0,3
-1,0,0,0,0,4
1,0,0,0,0,4
1,0,0,0,0,4
-1,0,0,0,0,5
-1,0,0,0,0,5
-1,0,0,0,0,5
-1,0,0,0,0,6
-1,0,0,0,0,7
-1,0,0,0,0,8
-1,0,0,0,0,8
-1,0,0,0,0,9
-1,0,0,0,0,10
-1,0,0,0,0,11
-1,0,0,0,0,12
-1,0,0,0,0,13
-1,0,0,0,0,15
-1,0,0,0,0,35
1,0,0,0,0,38
-1,0,0,0,0,39
-1,0,0,0,0,40
-1,0,0,0,0,45
-1,0,0,0,0,54
-1,0,0,0,0,64
-1,0,0,0,0,65
-1,0,0,0,0,134
1,0,0,0,0,216
-1,0,0,0,0,367
-1,0,0,0,0,3856
-1,0,0,0,1,-12
-1,0,0,0,1,-9
-1,0,0,0,1,-3
-1,0,0,0,1,0
-1,0,0,0,1,0
-1,0,0,0,1,0
-1,0,0,0,1,0
-1,0,0,0,1,0
-1,0,0,0,1,0
-1,0,0,0,1,1
-1,0,0,0,1,85
-1,0,0,0,1,131
-1,0,0,0,2,-41
-1,0,0,0,2,-12
1,0,0,0,2,-12
-1,0,0,0,2,-4
1,0,0,0,2,-4
-1,0,0,0,2,0
-1,0,0,0,2,0
-1,0,0,0,2,0
-1,0,0,0,2,0
-1,0,0,0,2,0
-1,0,0,0,2,0
-1,0,0,0,2,0
-1,0,0,0,2,0
-1,0,0,0,2,0
-1,0,0,0,2,0
-1,0,0,0,2,0
-1,0,0,0,2,0
-1,0,0,0,2,0
-1,0,0,0,2,0
-1,0,0,0,2,0
-1,0,0,0,2,0
1,0,0,0,2,0
-1,0,0,0,2,2
-1,0,0,0,2,16
-1,0,0,0,2,95
-1,0,0,0,3,-3
-1,0,0,0,3,0
1,0,0,0,3,0
1,0,0,0,3,0
-1,0,0,0,3,3
-1,0,0,0,3,325
-1,0,0,0,4,-2
-1,0,0,0,4,0
-1,0,0,0,4,0
-1,0,0,0,4,0
-1,0,0,0,4,0
-1,0,0,0,4,0
-1,0,0,0,4,0
-1,0,0,0,4,0
-1,0,0,0,4,0
-1,0,0,0,4,0
-1,0,0,0,4,0
1,0,0,0,4,0
-1,0,0,0,4,3
-1,0,0,0,5,-10
1,0,0,0,5,32
-1,0,0,0,6,-13
-1,0,0,0,6,-6
-1,0,0,0,6,0
-1,0,0,0,6,0
-1,0,0,0,6,0
-1,0,0,0,6,0
-1,0,0,0,6,0
-1,0,0,0,6,0
-1,0,0,0,6,0
-1,0,0,0,6,0
-1,0,0,0,6,7
-1,0,0,0,6,10
-1,0,0,0,6,135
-1,0,0,0,6,146
-1,0,0,0,6,229
-1,0,0,0,6,5322
-1,0,0,0,7,-13
-1,0,0,0,7,14
-1,0,0,0,7,30
-1,0,0,0,7,284
-1,0,0,0,8,0
-1,0,0,0,8,0
-1,0,0,0,8,14
-1,0,0,0,9,0
-1,0,0,0,10,-12
-1,0,0,0,10,0
-1,0,0,0,10,0
-1,0,0,0,10,141
-1,0,0,0,11,0
-1,0,0,0,11,37
-1,0,0,0,11,188
-1,0,0,0,12,0
-1,0,0,0,12,0
-1,0,0,0,12,19
-1,0,0,0,13,44
-1,0,0,0,13,88
-1,0,0,0,14,-6
-1,0,0,0,14,-2
-1,0,0,0,14,0
-1,0,0,0,14,0
-1,0,0,0,14,0
-1,0,0,0,15,0
-1,0,0,0,15,120
-1,0,0,0,16,0
-1,0,0,0,17,2
-1,0,0,0,18,0
-1,0,0,0,18,0
-1,0,0,0,19,0
-1,0,0,0,20,0
-1,0,0,0,20,121
-1,0,0,0,22,0
-1,0,0,0,22,0
-1,0,0,0,22,0
-1,0,0,0,23,-31
-1,0,0,0,23,-27
-1,0,0,0,23,636
-1,0,0,0,24,0
-1,0,0,0,24,0
-1,0,0,0,25,0
-1,0,0,0,26,0
-1,0,0,0,26,74
-1,0,0,0,31,-40
-1,0,0,0,31,0
-1,0,0,0,31,1
-1,0,0,0,32,0
-1,0,0,0,32,0
-1,0,0,0,32,0
-1,0,0,0,34,93
-1,0,0,0,35,12
-1,0,0,0,38,124
-1,0,0,0,39,1044
-1,0,0,0,40,1
-1,0,0,0,46,9
-1,0,0,0,47,83
-1,0,0,0,60,0
-1,0,0,0,84,4619
-1,0,0,0,84,13043
-1,0,0,0,98,629
-1,0,0,0,171,273
1,1,0,0,-4,-4076
-1,1,0,0,-2,-11
-1,1,0,0,-2,0
-1,1,0,0,-2,61
-1,1,0,0,-1,41
-1,1,0,0,0,-18
-1,1,0,0,0,-7
-1,1,0,0,0,-1
1,1,0,0,0,0
-1,1,0,0,0,1
-1,1,0,0,0,2
-1,1,0,0,0,6
1,1,0,0,0,13
-1,1,0,0,0,16
-1,1,0,0,0,28
-1,1,0,0,0,61
-1,1,0,0,0,67
1,1,0,0,0,103
-1,1,0,0,0,160
-1,1,0,0,0,175
-1,1,0,0,1,2
-1,1,0,0,2,-44
-1,1,0,0,2,-43
-1,1,0,0,2,0
-1,1,0,0,2,174
-1,1,0,0,2,290
-1,1,0,0,2,717
1,1,0,0,3,0
-1,1,0,0,4,-31
-1,1,0,0,4,2
-1,1,0,0,4,7
-1,1,0,0,4,44
-1,1,0,0,4,53
-1,1,0,0,5,-13
-1,1,0,0,5,-12
-1,1,0,0,5,50
-1,1,0,0,6,0
-1,1,0,0,7,0
-1,1,0,0,7,3
-1,1,0,0,10,3887
-1,1,0,0,11,-25
-1,1,0,0,11,0
-1,1,0,0,12,0
-1,1,0,0,13,5
-1,1,0,0,14,0
-1,1,0,0,15,-7
-1,1,0,0,17,-4
-1,1,0,0,17,16
-1,1,0,0,17,85
-1,1,0,0,18,26
-1,1,0,0,23,555
-1,1,0,0,26,-4
-1,1,0,0,26,0
-1,1,0,0,33,178
-1,1,0,0,38,0
1,1,0,0,41,0
-1,1,0,0,43,2812
-1,1,0,0,44,-45
-1,1,0,0,47,679
-1,1,0,0,93,0
-1,2,0,0,-9,6
-1,2,0,0,-8,13
-1,2,0,0,-6,0
-1,2,0,0,-6,0
-1,2,0,0,-6,0
-1,2,0,0,-4,0
-1,2,0,0,-4,264
-1,2,0,0,-1,1
-1,2,0,0,-1,1
-1,2,0,0,0,-11
-1,2,0,0,1,-7
-1,2,0,0,1,0
-1,2,0,0,1,0
-1,2,0,0,2,0
1,2,0,0,2,5
1,2,0,0,3,-20
-1,2,0,0,3,-10
-1,2,0,0,3,0
-1,2,0,0,3,0
-1,2,0,0,4,-28
-1,2,0,0,4,159
-1,2,0,0,5,0
-1,2,0,0,5,24
-1,2,0,0,6,0
-1,2,0,0,8,0
-1,2,0,0,9,-12
-1,2,0,0,10,-17
-1,2,0,0,10,0
-1,2,0,0,12,49
-1,2,0,0,12,375
1,2,0,0,16,1
-1,2,0,0,17,0
1,2,0,0,22,-2
-1,2,0,0,22,0
-1,2,0,0,24,1918
-1,2,0,0,30,0
-1,2,0,0,36,0
-1,2,0,0,44,8053
-1,2,0,0,85,34
1,2,0,-3,1,-325
-1,3,0,1,29,4115
-1,3,0,0,-6,-10
-1,3,0,0,0,-46
-1,3,0,0,0,-15
-1,3,0,0,0,8
-1,3,0,0,0,20
-1,3,0,0,1,9
-1,3,0,0,1,13
-1,3,0,0,2,-15
-1,3,0,0,2,109
-1,3,0,0,6,0
-1,3,0,0,8,50
-1,3,0,0,10,59
-1,3,0,0,11,586
-1,3,0,0,12,76
-1,3,0,0,14,0
-1,3,0,0,16,133
-1,3,0,0,18,-16
-1,3,0,0,41,444
-1,3,0,0,111,-6
-1,3,0,0,135,11626
-1,3,0,0,149,48
-1,4,0,0,-8,534
-1,4,0,0,-5,19
-1,4,0,0,-4,83
-1,4,0,0,0,-16
-1,4,0,0,2,0
-1,4,0,0,2,101
-1,4,0,0,13,169
-1,4,0,0,21,0
-1,4,0,0,31,282
-1,4,0,0,32,2
-1,4,0,0,41,0
-1,4,0,0,76,0
-1,4,0,0,99,521
-1,4,0,0,102,127
-1,5,0,0,-10,1009
-1,5,0,0,-9,0
-1,5,0,0,-7,1100
-1,5,0,0,-3,270
1,5,0,0,-1,67
-1,5,0,0,0,1
-1,5,0,0,2,-2
1,5,0,0,2,0
-1,5,0,0,6,-41
-1,5,0,0,8,2
-1,5,0,0,8,11
-1,5,0,0,11,-18
-1,5,0,0,14,-1
-1,5,0,0,20,83
-1,5,0,0,22,0
-1,5,0,0,23,1360
-1,5,0,0,28,4
-1,5,0,0,30,0
-1,5,0,0,31,147
-1,5,0,0,32,0
-1,5,0,0,43,0
-1,5,0,0,46,0
-1,5,0,0,78,62
-1,5,0,0,104,705
-1,6,0,0,-4,12
-1,6,0,0,0,15
-1,6,0,0,2,7
-1,6,0,0,2,16
-1,6,0,0,3,57
-1,6,0,0,3,60
-1,6,0,0,10,0
-1,6,0,0,10,948
-1,6,0,0,10,1296
-1,6,0,0,13,116
-1,6,0,0,18,0
-1,6,0,0,20,0
-1,6,0,0,26,0
-1,6,0,0,26,263
-1,6,0,0,34,0
-1,6,0,0,37,2919
-1,6,0,0,45,363
1,7,0,0,-8,124
-1,7,0,0,-7,336
-1,7,0,0,-2,-1
1,7,0,0,0,-7
-1,7,0,0,0,0
-1,7,0,0,3,11
-1,7,0,0,4,0
-1,7,0,0,7,0
-1,7,0,0,9,16
-1,7,0,0,12,0
-1,7,0,0,12,70
-1,7,0,0,13,-22
-1,7,0,0,16,0
-1,7,0,0,16,8
-1,7,0,0,17,34
-1,7,0,0,18,0
-1,7,0,0,27,156
-1,7,0,0,29,-10
-1,7,0,0,37,454
-1,7,0,0,39,198
-1,7,0,0,53,-1
-1,8,0,0,-6,109
-1,8,0,0,-4,0
-1,8,0,0,-1,0
-1,8,0,0,0,-16
-1,8,0,0,0,-11
-1,8,0,0,0,0
-1,8,0,0,0,6
-1,8,0,0,0,24
-1,8,0,0,0,133
-1,8,0,0,1,5
-1,8,0,0,1,431
-1,8,0,0,2,-9
-1,8,0,0,3,-42
-1,8,0,0,3,4
-1,8,0,0,4,0
-1,8,0,0,4,637
-1,8,0,0,5,0
-1,8,0,0,5,27
-1,8,0,0,6,-37
-1,8,0,0,8,-5
-1,8,0,0,8,0
-1,8,0,0,10,-36
-1,8,0,0,11,260
-1,8,0,0,12,295
-1,8,0,0,16,-8
-1,8,0,0,17,-18
-1,8,0,0,21,1
-1,8,0,0,28,0
-1,8,0,0,28,71
-1,8,0,0,39,38
-1,8,0,0,51,0
-1,8,0,0,61,2
-1,8,0,0,67,707
-1,8,0,0,69,163
-1,8,0,0,247,1568
-1,8,0,-1,84,-5
-1,9,0,1,4,2
-1,9,0,0,132,10483
-1,9,0,0,-10,531
-1,9,0,0,-8,17
-1,9,0,0,-5,606
-1,9,0,0,-2,0
-1,9,0,0,-1,136
-1,9,0,0,0,-26
-1,9,0,0,0,-25
-1,9,0,0,0,-23
-1,9,0,0,0,2
-1,9,0,0,0,23
-1,9,0,0,3,0
-1,9,0,0,4,-18
-1,9,0,0,4,0
-1,9,0,0,4,1333
-1,9,0,0,5,5298
-1,9,0,0,7,584
-1,9,0,0,10,557
-1,9,0,0,11,28
-1,9,0,0,12,-11
-1,9,0,0,12,43
-1,9,0,0,12,245
-1,9,0,0,13,-8
-1,9,0,0,15,16
-1,9,0,0,17,-1
-1,9,0,0,19,373
-1,9,0,0,20,0
-1,9,0,0,22,12
-1,9,0,0,25,105
-1,9,0,0,28,0
-1,9,0,0,31,37
-1,9,0,0,31,1600
-1,9,0,0,32,166
-1,9,0,0,37,-21
-1,9,0,0,44,0
-1,9,0,0,45,-14
-1,9,0,0,58,0
-1,9,0,0,61,37
-1,9,0,0,82,0
-1,10,0,0,-9,1
-1,10,0,0,-6,35
-1,10,0,0,-2,2
-1,10,0,0,-1,-35
1,10,0,0,0,-246
-1,10,0,0,0,-22
-1,10,0,0,0,25
-1,10,0,0,0,237
-1,10,0,0,1,-9
-1,10,0,0,1,0
-1,10,0,0,1,0
-1,10,0,0,2,0
-1,10,0,0,2,0
-1,10,0,0,2,6
-1,10,0,0,2,424
-1,10,0,0,3,-8
1,10,0,0,3,150
-1,10,0,0,4,0
-1,10,0,0,4,1
-1,10,0,0,4,224
-1,10,0,0,6,-6
-1,10,0,0,6,0
-1,10,0,0,6,6
-1,10,0,0,7,-9
-1,10,0,0,7,0
-1,10,0,0,7,0
-1,10,0,0,8,-1
-1,10,0,0,9,0
-1,10,0,0,10,-7
-1,10,0,0,10,0
-1,10,0,0,10,0
-1,10,0,0,10,29
-1,10,0,0,11,19
-1,10,0,0,14,-24
-1,10,0,0,14,0
-1,10,0,0,15,75
-1,10,0,0,16,0
-1,10,0,0,16,5
-1,10,0,0,16,91
-1,10,0,0,17,0
-1,10,0,0,18,-2
-1,10,0,0,18,0
-1,10,0,0,19,-11
-1,10,0,0,25,187
-1,10,0,0,26,0
-1,10,0,0,27,4
-1,10,0,0,28,34
-1,10,0,0,38,107
-1,10,0,0,41,-23
1,10,0,0,45,-272
-1,10,0,0,45,53
-1,10,0,0,46,6094
-1,10,0,0,48,6
-1,10,0,0,49,82
-1,10,0,0,58,2114
-1,10,0,0,61,-13
-1,11,0,0,-2,13
1,11,0,0,2,-123
-1,11,0,0,3,-4
-1,11,0,0,4,10
-1,11,0,0,5,0
-1,11,0,0,5,0
-1,11,0,0,5,37
-1,11,0,0,6,-9
-1,11,0,0,7,-32
-1,11,0,0,8,1093
-1,11,0,0,9,0
-1,11,0,0,9,27
-1,11,0,0,10,0
-1,11,0,0,13,116
-1,11,0,0,15,-41
-1,11,0,0,16,13
-1,11,0,0,19,1
-1,11,0,0,21,-11
-1,11,0,0,22,0
-1,11,0,0,22,159
-1,11,0,0,28,0
-1,11,0,0,34,79
-1,11,0,0,42,214
-1,11,0,0,42,402
-1,11,0,0,61,440
-1,11,0,0,70,-6
-1,11,0,0,80,690
-1,11,0,0,83,34
-1,11,0,0,168,8
-1,12,0,0,-5,0
-1,12,0,0,-4,-7
-1,12,0,0,-1,-29
-1,12,0,0,-1,1
-1,12,0,0,5,210
-1,12,0,0,6,53
-1,12,0,0,7,0
-1,12,0,0,9,0
-1,12,0,0,17,0
-1,12,0,0,20,-1
-1,12,0,0,23,0
-1,12,0,0,24,0
-1,12,0,0,33,53
-1,12,0,0,48,0
-1,12,0,-1,17,0
-1,13,0,0,-4,4
-1,13,0,0,3,230
1,13,0,0,4,-104
-1,13,0,0,7,-2
-1,13,0,0,15,32
-1,13,0,0,18,53
-1,13,0,0,34,0
-1,13,0,0,36,-24
-1,13,0,0,40,768
-1,13,0,0,41,-9
-1,13,0,0,70,-15
-1,13,0,0,84,180
-1,13,0,0,123,-30
-1,13,0,-1,53,149
-1,14,0,0,-2,-4
-1,14,0,0,0,15
-1,14,0,0,3,-5
-1,14,0,0,4,-5
-1,14,0,0,4,57
-1,14,0,0,5,15
-1,14,0,0,8,9
-1,14,0,0,9,41
-1,14,0,0,15,822
-1,14,0,0,26,0
1,14,0,0,33,17
-1,14,0,0,37,-40
-1,15,0,0,-8,0
-1,15,0,0,-6,-9
-1,15,0,0,-2,8
-1,15,0,0,-1,0
-1,15,0,0,0,2
-1,15,0,0,0,31
-1,15,0,0,0,39
-1,15,0,0,1,-36
-1,15,0,0,1,-9
-1,15,0,0,1,-3
-1,15,0,0,2,0
-1,15,0,0,2,0
-1,15,0,0,2,0
-1,15,0,0,2,11
-1,15,0,0,2,27
-1,15,0,0,2,93
-1,15,0,0,3,15
-1,15,0,0,6,-7
-1,15,0,0,6,-7
-1,15,0,0,8,12
-1,15,0,0,11,-40
-1,15,0,0,11,196
-1,15,0,0,13,14
-1,15,0,0,15,0
-1,15,0,0,26,-27
-1,15,0,0,28,-36
-1,15,0,0,31,452
-1,15,0,0,32,166
-1,15,0,0,36,564
-1,15,0,0,42,0
-1,15,0,0,44,0
-1,15,0,0,49,14
-1,15,0,0,49,22
-1,15,0,0,54,0
-1,15,0,0,65,2472
-1,15,0,0,71,8658
-1,15,0,0,72,0
-1,15,0,0,148,14
-1,15,0,-1,-10,0
-1,16,0,0,-8,-11
-1,16,0,0,-8,-1
-1,16,0,0,-4,0
-1,16,0,0,-3,-2
-1,16,0,0,-2,-9
-1,16,0,0,-2,0
1,16,0,0,0,-196
-1,16,0,0,0,4
-1,16,0,0,2,-18
-1,16,0,0,5,0
-1,16,0,0,6,27
-1,16,0,0,7,12
-1,16,0,0,14,37
-1,16,0,0,16,-16
-1,16,0,0,16,-2
1,16,0,0,18,1961
-1,16,0,0,24,39
-1,16,0,0,35,14
-1,16,0,0,60,0
1,16,0,0,93,55
-1,16,0,0,111,171
-1,17,0,0,-8,-14
-1,17,0,0,-5,22
-1,17,0,0,-3,0
-1,17,0,0,0,-30
-1,17,0,0,2,3
-1,17,0,0,4,81
-1,17,0,0,6,0
-1,17,0,0,8,0
-1,17,0,0,10,-18
-1,17,0,0,21,-27
-1,17,0,0,42,967
-1,17,0,0,143,7
-1,18,0,0,-9,0
-1,18,0,0,-1,-1
-1,18,0,0,0,-34
-1,18,0,0,6,87
-1,18,0,0,8,15
-1,18,0,0,12,94
-1,18,0,0,13,342
-1,18,0,0,15,-21
-1,18,0,0,16,82
-1,18,0,0,16,424
-1,18,0,0,19,-18
-1,18,0,0,33,0
-1,18,0,0,52,387
-1,18,0,0,81,207
-1,18,0,0,90,476
-1,18,0,0,159,45
-1,19,0,0,-6,185
-1,19,0,0,-2,0
-1,19,0,0,-2,0
1,19,0,0,0,426
-1,19,0,0,0,2284
-1,19,0,0,3,10
-1,19,0,0,4,-27
-1,19,0,0,4,-23
-1,19,0,0,4,0
-1,19,0,0,6,-10
-1,19,0,0,7,220
-1,19,0,0,8,18
-1,19,0,0,9,0
-1,19,0,0,14,0
-1,19,0,0,26,0
-1,19,0,0,30,19
-1,19,0,0,32,65
-1,19,0,0,45,35
-1,19,0,0,84,1922
-1,20,0,0,-1,40
-1,20,0,0,1,2223
-1,20,0,0,4,0
-1,20,0,0,6,-30
-1,20,0,0,8,0
-1,20,0,0,13,176
-1,20,0,0,15,2
-1,20,0,0,17,-49
-1,20,0,0,18,-38
-1,20,0,0,38,11
-1,20,0,0,39,-5
-1,20,0,0,48,0
-1,20,0,0,50,-24
-1,20,0,0,67,-4
-1,20,0,0,69,27
-1,20,0,0,72,0
-1,20,0,-1,6,297
1,21,0,0,-6,-81
-1,21,0,0,0,48
-1,21,0,0,2,5
-1,21,0,0,4,-12
-1,21,0,0,5,9
-1,21,0,0,6,18
1,21,0,0,24,497
-1,21,0,0,28,0
-1,21,0,0,31,60
-1,21,0,0,48,0
-1,21,0,0,56,45
-1,22,0,0,-5,285
-1,22,0,0,-2,183
-1,22,0,0,0,24
-1,22,0,0,0,151
-1,22,0,0,2,0
-1,22,0,0,2,0
-1,22,0,0,2,70
-1,22,0,0,8,-12
-1,22,0,0,46,100
-1,22,0,0,60,0
1,22,0,0,85,0
-1,22,0,0,97,172
1,23,0,0,0,3
-1,23,0,0,2,0
-1,23,0,0,2,2
-1,23,0,0,2,147
-1,23,0,0,4,0
-1,23,0,0,14,162
-1,23,0,0,18,-22
-1,24,0,0,-4,14
-1,24,0,0,-4,106
-1,24,0,0,0,-16
-1,24,0,0,0,0
-1,24,0,0,0,84
-1,24,0,0,1,11
-1,24,0,0,2,-4
-1,24,0,0,2,0
-1,24,0,0,2,266
-1,24,0,0,4,-24
-1,24,0,0,4,-14
-1,24,0,0,4,-8
-1,24,0,0,4,30
-1,24,0,0,4,136
-1,24,0,0,6,-28
-1,24,0,0,6,19
-1,24,0,0,8,-1
-1,24,0,0,11,71
-1,24,0,0,12,24
-1,24,0,0,41,337
-1,24,0,0,45,38
-1,24,0,0,59,32
-1,24,0,0,82,17
1,25,0,0,-12,-8
-1,25,0,0,-10,237
-1,25,0,0,0,15
-1,25,0,0,0,948
-1,25,0,0,1,-4
-1,25,0,0,2,-5
-1,25,0,0,2,-1
-1,25,0,0,2,0
-1,25,0,0,2,0
-1,25,0,0,2,0
-1,25,0,0,2,23
-1,25,0,0,2,45
-1,25,0,0,4,-36
-1,25,0,0,4,-1
-1,25,0,0,4,0
-1,25,0,0,4,77
-1,25,0,0,4,100
-1,25,0,0,6,0
-1,25,0,0,10,0
-1,25,0,0,14,2
-1,25,0,0,15,18
-1,25,0,0,15,164
-1,25,0,0,16,-20
-1,25,0,0,21,0
-1,25,0,0,22,104
-1,25,0,0,32,180
-1,25,0,0,37,3117
-1,25,0,0,76,0
-1,26,0,0,-4,121
-1,26,0,0,0,-10
-1,26,0,0,1,-8
-1,26,0,0,1,625
-1,26,0,0,2,131
1,26,0,0,4,2
-1,26,0,0,14,-4
-1,26,0,0,18,15
-1,26,0,0,21,5
-1,26,0,0,35,123
-1,26,0,0,41,0
-1,26,0,0,42,2
-1,26,0,0,50,0
-1,26,0,0,50,3
-1,26,0,0,100,82
-1,26,0,0,124,-5
-1,27,0,0,0,-13
-1,27,0,0,2,55
-1,27,0,0,6,0
1,27,0,0,10,2
-1,27,0,0,13,213
-1,27,0,0,13,2479
-1,27,0,0,20,0
-1,27,0,0,72,0
-1,28,0,0,-9,31
-1,28,0,0,0,-16
-1,28,0,0,0,0
-1,28,0,0,4,0
-1,28,0,0,5,-2
-1,28,0,0,8,0
-1,28,0,0,15,-14
-1,28,0,0,34,0
-1,28,0,0,38,5
-1,28,0,0,49,-34
-1,28,0,0,78,-1
-1,28,0,0,92,0
1,29,0,0,-9,-897
-1,29,0,0,1,-7
-1,29,0,0,8,0
-1,29,0,0,11,-8
-1,29,0,0,14,0
-1,29,0,0,20,15
-1,29,0,0,44,0
-1,29,0,0,49,154
-1,29,0,0,50,34
-1,29,0,0,56,0
-1,29,0,0,103,-8
-1,30,0,1,29,170
-1,30,0,0,-3,225
-1,30,0,0,-2,-11
-1,30,0,0,1,0
-1,30,0,0,9,14
-1,30,0,0,20,1926
-1,30,0,0,88,-24
-1,30,0,0,104,531
-1,31,0,0,2,0
-1,31,0,0,8,0
-1,31,0,0,8,0
-1,31,0,0,8,0
-1,31,0,0,10,0
-1,31,0,0,12,0
-1,31,0,0,12,0
-1,31,0,0,18,0
-1,31,0,0,22,0
-1,31,0,0,22,0
-1,31,0,0,22,0
-1,31,0,0,34,0
-1,31,0,0,76,-38
-1,32,0,0,-4,0
-1,32,0,0,2,0
-1,32,0,0,4,0
-1,32,0,0,6,0
-1,32,0,0,12,0
-1,32,0,0,13,-42
-1,32,0,0,13,-2
-1,32,0,0,16,0
-1,32,0,0,18,2
-1,32,0,0,19,0
-1,32,0,0,24,0
-1,32,0,0,26,0
-1,32,0,0,29,0
-1,32,0,0,32,46
-1,32,0,0,33,-41
-1,32,0,0,37,3
-1,32,0,0,64,9
-1,33,0,0,-3,-33
-1,33,0,0,3,38
-1,33,0,0,4,-4
-1,33,0,0,4,0
-1,33,0,0,4,7
-1,33,0,0,6,993
-1,33,0,0,8,-7
-1,33,0,0,8,0
-1,33,0,0,8,0
-1,33,0,0,10,-13
-1,33,0,0,11,38
-1,33,0,0,12,0
-1,33,0,0,15,-4
-1,33,0,-1,12,-9
-1,34,0,0,0,-3
1,34,0,0,4,0
-1,34,0,0,6,-19
-1,34,0,0,6,0
-1,34,0,0,8,-7
-1,34,0,0,16,-45
-1,34,0,0,19,35
-1,34,0,0,20,39
-1,34,0,0,24,76
-1,34,0,0,26,9
-1,34,0,0,26,2050
-1,34,0,0,51,25
1,34,0,0,54,190
-1,35,0,0,-7,-15
-1,35,0,0,-4,5
-1,35,0,0,0,-14
-1,35,0,0,1,-4
-1,35,0,0,1,1
-1,35,0,0,2,-7
-1,35,0,0,2,2
-1,35,0,0,5,117
-1,35,0,0,6,3
1,35,0,0,7,-2
-1,35,0,0,12,-22
-1,35,0,0,12,0
-1,35,0,0,12,7
1,35,0,0,14,0
-1,35,0,0,17,-29
-1,35,0,0,26,927
1,35,0,0,42,1
-1,35,0,0,111,-43
-1,36,0,0,-8,-13
-1,36,0,0,-8,94
-1,36,0,0,-1,36
1,36,0,0,0,-175
-1,36,0,0,2,-7
-1,36,0,0,4,-12
-1,36,0,0,7,2
-1,36,0,0,8,-21
-1,36,0,0,8,-16
-1,36,0,0,12,-18
-1,36,0,0,12,88
-1,36,0,0,12,95
-1,36,0,0,13,3168
-1,36,0,0,24,104
-1,36,0,0,25,-19
-1,36,0,0,26,5
-1,36,0,0,29,22
-1,36,0,0,33,25
-1,36,0,0,46,299
-1,36,0,0,54,0
-1,36,0,0,60,164
-1,36,0,0,89,-24
-1,37,0,0,-8,30
-1,37,0,0,0,0
-1,37,0,0,3,29
-1,37,0,0,11,3460
-1,37,0,0,12,0
-1,37,0,0,16,0
-1,37,0,0,16,0
-1,37,0,0,18,0
-1,37,0,0,20,-6
1,37,0,0,22,0
-1,37,0,0,23,-2
-1,37,0,0,32,15
-1,37,0,0,58,-4
-1,37,0,0,84,142
-1,38,0,0,4,-49
-1,38,0,0,5,-4
-1,38,0,0,6,-20
-1,38,0,0,7,-13
-1,38,0,0,7,73
-1,38,0,0,21,0
-1,38,0,0,32,-2
-1,38,0,-1,20,1
-1,38,0,-1,73,0
-1,39,0,0,-8,4
-1,39,0,0,1,23
-1,39,0,0,15,0
-1,39,0,0,24,-2
-1,39,0,0,78,-38
-1,40,0,0,0,-4
-1,40,0,0,2,0
-1,40,0,0,4,0
-1,40,0,0,4,544
-1,40,0,0,6,0
-1,40,0,0,11,97
-1,40,0,0,56,14
-1,40,0,0,74,0
-1,41,0,0,0,-40
-1,41,0,0,0,0
-1,41,0,0,2,0
-1,41,0,0,7,-6
-1,41,0,0,7,-1
-1,41,0,0,18,0
-1,41,0,0,20,0
-1,41,0,0,26,0
-1,41,0,0,26,76
1,41,0,0,31,8
-1,41,0,0,34,0
-1,41,0,0,38,0
-1,41,0,0,44,0
-1,41,0,0,59,-28
-1,41,0,0,62,0
-1,41,0,0,72,0
-1,42,0,0,3,2175
-1,42,0,0,18,0
-1,42,0,0,19,134
-1,42,0,0,20,0
-1,42,0,0,20,0
-1,42,0,0,50,0
-1,42,0,0,57,12
-1,42,0,0,64,0
-1,42,0,-1,49,124
-1,43,0,0,0,0
-1,43,0,0,2,0
-1,43,0,0,14,-4
-1,43,0,0,14,43
-1,43,0,0,18,0
-1,43,0,0,24,0
-1,44,0,0,12,1037
-1,44,0,0,18,0
-1,44,0,0,19,-31
-1,44,0,0,22,1048
-1,44,0,0,24,0
-1,44,0,0,30,0
-1,44,0,0,38,0
-1,44,0,0,40,0
-1,45,0,0,-1,-23
-1,45,0,0,2,7
-1,45,0,0,4,5
-1,45,0,0,5,16
-1,45,0,0,6,-30
-1,45,0,0,10,-24
-1,45,0,0,10,-4
-1,45,0,0,20,0
-1,45,0,0,22,0
-1,45,0,0,24,0
-1,45,0,0,58,0
1,45,0,0,62,501
-1,45,0,0,106,-5
-1,46,0,0,5,35
-1,46,0,0,8,0
-1,46,0,0,8,2
-1,46,0,0,9,8
-1,46,0,0,12,-37
-1,46,0,0,14,-10
-1,46,0,0,14,0
1,46,0,0,17,-2005
-1,46,0,0,17,0
-1,46,0,0,20,2
-1,46,0,0,21,-4
-1,46,0,0,23,17
-1,46,0,0,28,-3
-1,46,0,0,40,0
-1,46,0,0,54,0
-1,46,0,0,68,-43
-1,46,0,0,68,0
-1,47,0,0,5,0
-1,47,0,0,6,3
-1,47,0,0,13,0
-1,47,0,0,16,0
-1,47,0,0,16,67
-1,47,0,0,17,1
-1,47,0,0,18,0
-1,47,0,0,18,0
-1,47,0,0,41,-9
-1,47,0,0,47,14
-1,47,0,0,57,-40
-1,47,0,0,57,871
-1,47,0,0,111,18
-1,48,0,1,25,90
-1,48,0,0,10,89
-1,48,0,0,12,4
-1,48,0,0,14,0
-1,48,0,0,20,0
-1,48,0,0,58,0
-1,48,0,0,60,-1
-1,48,0,0,70,68
-1,48,0,0,72,151
-1,48,0,0,74,21
-1,49,0,0,-3,0
-1,49,0,0,8,29
-1,49,0,0,9,23
-1,49,0,0,16,0
-1,49,0,0,18,-10
-1,49,0,0,18,0
-1,49,0,0,41,58
-1,49,0,-1,208,27
-1,50,0,0,10,1300
-1,50,0,0,14,0
-1,50,0,0,16,-25
-1,50,0,0,21,37
-1,50,0,0,28,0
-1,50,0,0,70,0
-1,50,0,0,110,8
1,51,0,0,-13,311
-1,51,0,0,4,15
1,51,0,0,6,-272
-1,51,0,0,32,229
-1,51,0,0,52,0
-1,51,0,0,55,-4
-1,51,0,0,59,0
-1,51,0,0,69,24
-1,51,0,0,142,0
-1,52,0,0,9,159
-1,52,0,0,11,29
-1,52,0,0,11,62
-1,52,0,0,14,0
-1,52,0,0,17,0
-1,52,0,0,28,0
-1,52,0,0,84,-37
-1,53,0,0,0,7
1,53,0,0,5,1435
-1,53,0,0,13,0
-1,53,0,0,16,0
-1,53,0,0,24,0
-1,53,0,0,26,0
-1,53,0,0,28,0
-1,53,0,0,30,0
-1,53,0,0,86,0
-1,54,0,0,6,0
-1,54,0,0,178,19
1,55,0,0,33,-13
-1,55,0,0,44,0
-1,56,0,0,2,-24
-1,56,0,0,6,30
-1,56,0,0,25,-13
-1,56,0,0,61,1
-1,56,0,-1,61,127
-1,57,0,0,1,2
-1,57,0,0,4,646
1,57,0,0,10,178
-1,57,0,0,12,0
-1,57,0,0,30,1
-1,57,0,0,56,39
-1,57,0,0,63,3
1,57,0,0,66,11
-1,57,0,0,118,0
-1,58,0,0,1,0
-1,58,0,0,4,0
-1,58,0,0,32,0
-1,59,0,0,2,106
-1,59,0,0,32,0
-1,59,0,0,39,25
-1,60,0,0,6,-32
-1,60,0,0,10,1738
-1,60,0,0,34,0
-1,61,0,0,4,-44
-1,61,0,0,22,3
-1,61,0,0,22,33
-1,62,0,0,3,0
-1,62,0,0,28,0
1,62,0,0,35,-134
-1,62,0,0,58,-5
-1,62,0,0,73,-23
-1,62,0,0,113,19
-1,63,0,0,5,995
-1,63,0,0,22,101
-1,63,0,0,38,0
-1,63,0,0,78,0
-1,64,0,0,4,199
-1,64,0,0,18,0
-1,64,0,0,18,147
-1,64,0,0,28,0
-1,65,0,0,2,42
-1,65,0,0,4,73
-1,65,0,0,62,-7
-1,65,0,0,86,114
-1,65,0,0,130,26
-1,66,0,0,10,-17
-1,66,0,0,20,0
-1,66,0,0,72,0
-1,67,0,0,13,0
-1,67,0,0,34,0
-1,67,0,0,36,2682
-1,68,0,0,12,0
1,68,0,0,14,-3
-1,68,0,0,44,0
-1,68,0,0,46,1
-1,68,0,0,55,0
-1,68,0,0,62,-20
-1,68,0,0,70,0
-1,69,0,0,6,0
-1,69,0,0,10,0
-1,69,0,0,137,14
-1,70,0,0,16,581
-1,70,0,0,24,1
-1,70,0,0,58,-2
-1,70,0,0,122,92
1,71,0,0,6,1
-1,71,0,0,8,-11
-1,71,0,0,16,-30
-1,71,0,0,23,66
-1,71,0,0,32,0
-1,72,0,0,28,0
-1,73,0,0,76,0
-1,75,0,0,37,97
-1,75,0,0,88,0
-1,76,0,0,65,171
-1,77,0,0,12,20
-1,77,0,-1,40,0
-1,78,0,0,5,533
-1,78,0,0,27,55
-1,79,0,0,11,0
-1,79,0,0,11,6
-1,79,0,0,81,-29
-1,83,0,0,8,53
-1,83,0,0,70,0
-1,83,0,0,138,0
-1,84,0,0,6,38
-1,85,0,0,30,2
-1,86,0,0,37,0
-1,86,0,0,97,0
-1,89,0,1,31,0
-1,89,0,0,40,0
-1,89,0,0,103,108
-1,90,0,0,30,-2
-1,90,0,-1,129,3
-1,91,0,0,59,0
-1,96,0,0,46,0
-1,97,0,0,120,0
-1,99,0,0,62,8
-1,100,0,0,1,-22
-1,100,0,0,66,0
-1,103,0,0,68,0
-1,103,0,0,126,0
-1,104,0,0,294,0
-1,106,0,0,68,0
-1,108,0,0,108,0
-1,110,0,0,58,0
-1,116,0,0,22,0
-1,117,0,0,102,0
-1,123,0,0,62,0
-1,123,0,0,182,0
-1,124,0,0,78,49
-1,126,0,0,82,0
-1,132,0,0,71,35
-1,134,0,0,114,0
-1,134,0,0,218,-26
-1,137,0,0,128,0
-1,177,0,0,192,0
-1,208,0,0,397,2
1,-77,-1,-3,-50,793
1,-65,-1,-3,-66,20
1,-58,-1,-3,-14,0
1,-44,-1,-2,-27,0
1,-36,-1,-3,1,66
1,-30,-1,-3,-3,0
1,-17,-1,0,102,-50
-1,-10,-1,0,116,2
1,-10,-1,-3,-34,13
-1,-10,-1,-3,-4,43
-1,-10,-1,-3,-1,12
-1,-10,-1,-3,0,2
-1,-10,-1,-3,12,0
-1,-10,-1,-3,14,156
-1,-9,-1,0,6,258
-1,-9,-1,-3,-9,80
1,-9,-1,-3,-2,-8
-1,-9,-1,-3,8,40
-1,-9,-1,-3,11,-19
-1,-9,-1,-3,26,-41
-1,-9,-1,-3,61,182
-1,-8,-1,-3,-7,69
1,-8,-1,-3,-3,8
-1,-8,-1,-3,-2,63
-1,-8,-1,-3,2,96
-1,-7,-1,-3,-9,0
-1,-7,-1,-3,8,0
-1,-7,-1,-3,159,208
-1,-6,-1,1,2,6593
-1,-6,-1,0,6,41
-1,-6,-1,0,7,2
-1,-6,-1,0,14,253
-1,-6,-1,-3,12,135
-1,-6,-1,-3,20,0
-1,-6,-1,-3,22,57
-1,-5,-1,0,33,410
-1,-5,-1,-3,-4,-24
-1,-5,-1,-3,0,226
-1,-5,-1,-3,2,12
-1,-5,-1,-3,21,32
-1,-5,-1,-3,115,438
-1,-4,-1,-2,48,-1
1,-4,-1,-3,1,178
-1,-4,-1,-3,38,-40
-1,-4,-1,-3,52,-18
-1,-3,-1,0,-1,166
-1,-3,-1,0,76,7764
-1,-3,-1,-3,-9,-2
-1,-3,-1,-3,30,218
-1,-3,-1,-3,52,151
-1,-2,-1,0,5,51
-1,-2,-1,0,65,45
-1,-2,-1,-2,-2,52
-1,-2,-1,-3,2,0
-1,-2,-1,-3,3,-11
-1,-2,-1,-3,4,-31
-1,-2,-1,-3,9,2260
-1,-2,-1,-3,19,-11
-1,-2,-1,-3,20,23
-1,-2,-1,-3,51,2420
-1,-2,-1,-3,76,22
-1,-2,-1,-4,21,163
-1,-1,-1,0,6,84
-1,-1,-1,0,13,207
-1,-1,-1,0,19,-19
-1,-1,-1,-2,38,464
-1,-1,-1,-3,-3,0
-1,-1,-1,-3,7,171
-1,-1,-1,-3,9,3617
-1,-1,-1,-3,11,277
-1,-1,-1,-3,13,48
-1,-1,-1,-3,22,1042
-1,0,-1,0,0,-29
-1,0,-1,0,1,-26
-1,0,-1,0,9,16
-1,0,-1,0,13,6
-1,0,-1,0,16,1
1,0,-1,-2,46,-412
-1,0,-1,-3,-10,-2
-1,0,-1,-3,-10,1
-1,0,-1,-3,-4,50
-1,0,-1,-3,-4,227
-1,0,-1,-3,-3,26
-1,0,-1,-3,-1,-3
-1,0,-1,-3,0,0
-1,0,-1,-3,0,230
-1,0,-1,-3,2,41
-1,0,-1,-3,4,-8
-1,0,-1,-3,4,-4
-1,0,-1,-3,4,0
-1,0,-1,-3,5,1708
-1,0,-1,-3,9,0
1,0,-1,-3,17,0
-1,0,-1,-3,27,0
-1,0,-1,-3,51,6703
-1,0,-1,-3,136,33
-1,1,-1,0,167,21996
1,1,-1,-3,-17,-1382
-1,1,-1,-3,3,101
-1,1,-1,-3,5,-8
-1,1,-1,-3,5,641
-1,1,-1,-3,8,-41
-1,1,-1,-3,14,69
-1,1,-1,-3,20,0
-1,1,-1,-3,20,104
-1,1,-1,-3,31,38
-1,2,-1,0,-1,0
-1,2,-1,0,60,0
-1,2,-1,-1,0,0
-1,2,-1,-3,-4,77
-1,2,-1,-3,1,0
-1,2,-1,-3,5,12
-1,2,-1,-3,33,-21
-1,2,-1,-3,49,25
-1,2,-1,-3,141,2824
-1,4,-1,-2,54,7
-1,4,-1,-3,117,121
-1,5,-1,0,79,131
-1,5,-1,-3,0,-8
-1,5,-1,-3,4,293
-1,5,-1,-3,19,60
-1,5,-1,-3,52,80
-1,6,-1,0,-3,3
-1,6,-1,-2,-3,256
-1,6,-1,-3,10,11
-1,6,-1,-3,17,263
-1,6,-1,-3,22,1
1,7,-1,1,42,-68
-1,7,-1,0,11,-35
-1,7,-1,-3,-6,34
-1,7,-1,-3,9,-21
-1,7,-1,-3,9,0
1,7,-1,-3,29,0
-1,7,-1,-3,40,-49
-1,7,-1,-3,44,-23
-1,7,-1,-3,59,18
-1,7,-1,-4,33,30
-1,8,-1,0,42,103
-1,8,-1,-2,17,409
-1,8,-1,-3,35,404
-1,8,-1,-3,111,23
-1,9,-1,0,-2,0
-1,9,-1,0,47,-33
-1,9,-1,-3,9,7
-1,9,-1,-3,46,0
-1,10,-1,0,43,906
-1,10,-1,-3,-1,461
-1,10,-1,-3,3,3
-1,10,-1,-3,8,-8
-1,10,-1,-3,11,14
-1,10,-1,-3,42,8
-1,10,-1,-3,66,0
1,11,-1,0,-33,15
-1,11,-1,-3,5,12
-1,11,-1,-3,82,970
-1,12,-1,0,68,7
-1,12,-1,0,-5,28
-1,13,-1,-3,-5,2
-1,13,-1,-3,-4,-3
-1,13,-1,-3,31,2215
-1,13,-1,-3,131,40
-1,14,-1,0,-7,-12
-1,14,-1,-3,-3,12
-1,14,-1,-3,0,46
-1,15,-1,0,17,835
-1,15,-1,0,45,3609
-1,15,-1,-3,-6,-40
-1,15,-1,-3,0,41
-1,16,-1,-3,-4,3
-1,16,-1,-3,2,9
-1,16,-1,-3,9,0
-1,16,-1,-3,31,55
-1,17,-1,0,125,207
-1,17,-1,-3,-1,-1
-1,17,-1,-3,-1,587
-1,17,-1,-3,15,12
-1,18,-1,-3,31,0
-1,18,-1,-3,43,0
-1,19,-1,0,-9,101
-1,19,-1,0,73,121
1,19,-1,-2,5,-1436
-1,19,-1,-3,18,43
-1,20,-1,-3,35,178
1,20,-1,-3,48,48
-1,21,-1,-3,-6,33
-1,21,-1,-3,-4,19
-1,21,-1,-3,18,0
-1,21,-1,-3,75,248
-1,22,-1,-3,30,-5
-1,22,-1,-3,72,-34
-1,22,-1,-3,89,534
-1,23,-1,0,101,2972
-1,23,-1,0,49,755
-1,23,-1,-3,42,-47
-1,24,-1,0,165,34
-1,25,-1,0,56,-21
1,25,-1,-3,-4,0
-1,25,-1,-3,-3,123
-1,26,-1,0,-7,1
-1,26,-1,-3,-5,33
-1,27,-1,0,-8,177
-1,28,-1,1,3,101
-1,28,-1,-3,-7,0
1,28,-1,-3,8,-96
-1,28,-1,-3,30,4
-1,29,-1,0,14,92
-1,29,-1,-3,21,29
-1,30,-1,1,5,1
-1,30,-1,0,135,382
-1,31,-1,0,65,-1
-1,31,-1,-3,1,0
-1,32,-1,0,-9,0
-1,33,-1,0,0,24
-1,33,-1,0,64,63
-1,33,-1,-3,2,8
-1,34,-1,0,56,233
1,35,-1,-3,15,0
-1,36,-1,0,3,27
-1,37,-1,1,2,87
-1,37,-1,0,-3,0
-1,37,-1,0,76,-35
-1,38,-1,0,355,732
-1,38,-1,-3,12,-19
-1,39,-1,0,57,920
-1,40,-1,0,64,-2
-1,40,-1,-3,-7,0
-1,40,-1,-3,13,-16
-1,42,-1,-3,11,0
1,44,-1,-3,-7,-185
-1,44,-1,-3,7,9
-1,46,-1,-3,18,-2
-1,47,-1,-2,192,0
-1,47,-1,-3,12,14
-1,48,-1,0,34,0
-1,49,-1,0,53,161
-1,49,-1,-1,15,1102
-1,50,-1,0,22,-25
-1,51,-1,-3,83,13
-1,52,-1,0,118,58
-1,53,-1,-3,-4,13
-1,53,-1,-3,16,41
-1,54,-1,0,45,4
-1,55,-1,-3,27,-21
-1,57,-1,0,51,605
1,58,-1,-3,-25,9
-1,61,-1,0,44,908
-1,61,-1,-3,24,0
-1,65,-1,-3,23,178
-1,67,-1,-3,70,62
-1,70,-1,-1,20,99
-1,73,-1,0,9,2744
-1,73,-1,-3,122,19
-1,75,-1,-3,44,5
-1,80,-1,0,126,96
-1,80,-1,-3,10,80
-1,83,-1,-3,146,0
-1,96,-1,-3,35,3
-1,103,-1,0,128,-14
-1,131,-1,-3,42,8
1,-61,-2,-3,-16,21
1,-36,-2,-3,8,-168
1,-16,-2,-3,-27,8
1,-15,-2,0,35,0
1,-10,-2,-3,0,-67
-1,-10,-2,-3,11,450
-1,-9,-2,-3,22,43
-1,-8,-2,-3,-6,0
-1,-8,-2,-3,-3,0
-1,-7,-2,0,2,249
-1,-7,-2,0,22,237
-1,-7,-2,0,78,462
-1,-7,-2,-3,21,783
-1,-7,-2,-3,87,310
-1,-6,-2,0,31,-8
-1,-6,-2,-2,20,95
-1,-6,-2,-3,2,330
-1,-5,-2,-3,-9,195
-1,-5,-2,-3,2,65
-1,-5,-2,-3,6,100
-1,-4,-2,-1,-9,1218
-1,-4,-2,-3,3,492
-1,-3,-2,0,50,753
1,-3,-2,-3,-20,3
-1,-2,-2,0,69,227
-1,-2,-2,-3,30,34
-1,-2,-2,-3,-5,76
-1,-2,-2,-3,65,32
-1,-2,-2,-3,68,683
-1,-1,-2,-3,-5,30
-1,0,-2,0,22,4
-1,0,-2,-1,20,-15
-1,0,-2,-3,-6,3
-1,0,-2,-3,-4,0
-1,0,-2,-3,0,-44
-1,0,-2,-3,24,8
-1,0,-2,-3,31,38
-1,0,-2,-3,32,596
-1,0,-2,-3,50,45
-1,1,-2,-3,-7,9
-1,1,-2,-3,5,5
-1,1,-2,-3,10,192
-1,1,-2,-3,16,-27
-1,1,-2,-3,29,-13
-1,2,-2,-3,-3,91
1,2,-2,-3,37,1125
-1,2,-2,-3,61,52
-1,3,-2,-3,26,18
-1,3,-2,-3,36,1490
-1,3,-2,-3,68,57
-1,4,-2,0,20,20
-1,5,-2,0,-1,224
-1,5,-2,0,38,49
-1,5,-2,-3,8,0
-1,5,-2,-3,119,195
-1,6,-2,0,37,46
-1,6,-2,-3,-7,2
-1,7,-2,-3,49,0
-1,8,-2,0,17,365
-1,8,-2,0,34,-49
-1,8,-2,0,105,234
-1,8,-2,-3,59,0
-1,8,-2,-3,95,1236
-1,10,-2,0,71,144
-1,11,-2,0,15,0
-1,11,-2,-1,23,35
-1,11,-2,-4,42,491
-1,14,-2,-3,1,23
-1,15,-2,-4,24,136
-1,16,-2,0,7,16
-1,16,-2,-3,-9,40
-1,17,-2,0,70,327
-1,17,-2,0,75,61
-1,17,-2,0,64,501
-1,17,-2,-3,27,47
-1,18,-2,0,49,-38
-1,19,-2,0,8,-10
-1,19,-2,-3,37,0
-1,19,-2,-3,118,161
-1,21,-2,-1,45,-44
-1,23,-2,-3,-8,871
-1,23,-2,-3,75,710
-1,25,-2,0,-6,14
-1,25,-2,-2,22,1
-1,27,-2,0,42,-4
-1,27,-2,-3,-9,692
-1,29,-2,1,10,-35
-1,29,-2,-3,-3,49
-1,30,-2,0,9,4658
-1,30,-2,-3,87,968
-1,31,-2,-3,16,17
-1,32,-2,-3,-3,0
-1,32,-2,-3,44,125
-1,34,-2,-3,14,294
-1,36,-2,-3,32,286
-1,38,-2,0,32,71
-1,39,-2,0,26,30
-1,41,-2,-3,33,17
-1,52,-2,0,27,0
-1,53,-2,-3,-1,-24
-1,55,-2,0,60,5
-1,63,-2,0,18,7
-1,66,-2,0,23,10
-1,66,-2,-3,22,-44
-1,73,-2,-3,122,21
-1,74,-2,0,31,203
-1,91,-2,0,4,-4
-1,110,-2,-1,24,190
-1,195,-2,0,143,-47
-1,-10,-3,-3,70,644
-1,-9,-3,0,-7,0
-1,-9,-3,0,95,849
-1,-7,-3,-3,6,8
-1,-7,-3,-3,7,52
-1,-5,-3,0,1,132
-1,-5,-3,0,62,589
-1,-5,-3,-3,-5,174
-1,-5,-3,-3,14,1227
-1,-3,-3,0,34,514
-1,-3,-3,-3,-5,425
-1,-3,-3,-3,30,26
-1,-1,-3,-3,-2,519
-1,0,-3,0,77,623
-1,0,-3,-3,32,0
-1,2,-3,-1,181,724
-1,2,-3,-3,-3,71
-1,2,-3,-3,3,71
-1,3,-3,0,1,726
-1,4,-3,-3,14,-9
-1,5,-3,0,37,14
-1,6,-3,-3,2,0
-1,6,-3,-3,-10,0
-1,7,-3,-1,-1,5
-1,8,-3,0,16,163
-1,10,-3,-3,0,191
-1,10,-3,-3,6,2
-1,11,-3,0,7,1395
-1,13,-3,0,53,237
-1,14,-3,1,9,5
-1,14,-3,0,47,1688
-1,14,-3,-3,4,57
-1,17,-3,0,89,927
-1,20,-3,0,9,49
-1,22,-3,-3,44,93
-1,24,-3,0,-9,85
-1,26,-3,0,21,27
-1,26,-3,-3,-4,90
-1,34,-3,-3,26,407
-1,35,-3,-3,-7,0
-1,36,-3,-3,37,178
-1,46,-3,-3,10,41
-1,54,-3,0,61,31
-1,56,-3,0,62,0
-1,64,-3,-3,23,9
-1,66,-3,0,159,1219
-1,124,-3,0,24,613
1,-40,-4,-3,-58,254
1,-21,-4,-3,-50,-360
-1,-6,-4,-3,35,608
-1,-5,-4,0,26,126
-1,-5,-4,-3,1,959
-1,-4,-4,0,35,1001
-1,-4,-4,-4,45,128
-1,0,-4,0,-7,88
-1,0,-4,0,-10,14
-1,0,-4,-3,-7,2656
-1,0,-4,-3,-4,2
1,0,-4,-3,39,-1234
-1,3,-4,0,93,15
-1,5,-4,-3,27,467
-1,8,-4,0,74,227
-1,9,-4,0,18,100
-1,9,-4,-2,108,0
-1,9,-4,-3,20,13
-1,14,-4,0,47,402
-1,14,-4,-3,62,440
-1,15,-4,0,111,241
-1,16,-4,0,17,-33
-1,21,-4,0,-7,3267
-1,37,-4,0,101,598
-1,46,-4,-3,-5,7
-1,52,-4,-3,-4,99
-1,78,-4,-1,38,0
-1,-10,-5,-3,1,-18
-1,-8,-5,0,54,345
-1,-6,-5,0,-4,229
-1,-3,-5,-3,4,-8
-1,0,-5,0,-10,4
-1,4,-5,0,27,234
-1,5,-5,0,26,81
-1,9,-5,-3,16,7
-1,18,-5,0,67,177
-1,24,-5,0,98,2408
-1,28,-5,-3,1,-35
-1,29,-5,-3,64,10
-1,35,-5,0,31,12
-1,47,-5,-1,46,0
-1,55,-5,-1,5,0
-1,115,-5,0,125,0
1,2,-6,0,-31,122
-1,2,-6,-3,52,49
-1,6,-6,-3,-2,67
-1,8,-6,0,56,13
-1,11,-6,-3,25,-41
-1,14,-6,0,90,147
-1,18,-6,-3,-1,-48
-1,15,-13,0,-4,1390
-1,67,-15,-3,-9,-18
